{
  "model_type": "RandomForestRegressor",
  "target_column": "rating",
  "features": [
    "num__calories",
    "num__protein",
    "num__fat",
    "num__sodium",
    "num__fiber",
    "num__carbo",
    "num__sugars",
    "num__potass",
    "num__vitamins",
    "num__shelf",
    "num__weight",
    "num__cups",
    "cat__name_100% Bran",
    "cat__name_100% Natural Bran",
    "cat__name_All-Bran",
    "cat__name_All-Bran with Extra Fiber",
    "cat__name_Almond Delight",
    "cat__name_Apple Cinnamon Cheerios",
    "cat__name_Apple Jacks",
    "cat__name_Basic 4",
    "cat__name_Bran Chex",
    "cat__name_Bran Flakes",
    "cat__name_Cap'n'Crunch",
    "cat__name_Cheerios",
    "cat__name_Cinnamon Toast Crunch",
    "cat__name_Clusters",
    "cat__name_Cocoa Puffs",
    "cat__name_Corn Chex",
    "cat__name_Corn Flakes",
    "cat__name_Corn Pops",
    "cat__name_Count Chocula",
    "cat__name_Cracklin' Oat Bran",
    "cat__name_Cream of Wheat (Quick)",
    "cat__name_Crispix",
    "cat__name_Crispy Wheat & Raisins",
    "cat__name_Double Chex",
    "cat__name_Froot Loops",
    "cat__name_Frosted Flakes",
    "cat__name_Frosted Mini-Wheats",
    "cat__name_Fruit & Fibre Dates; Walnuts; and Oats",
    "cat__name_Fruitful Bran",
    "cat__name_Fruity Pebbles",
    "cat__name_Golden Crisp",
    "cat__name_Golden Grahams",
    "cat__name_Grape Nuts Flakes",
    "cat__name_Grape-Nuts",
    "cat__name_Great Grains Pecan",
    "cat__name_Honey Graham Ohs",
    "cat__name_Honey Nut Cheerios",
    "cat__name_Honey-comb",
    "cat__name_Just Right Crunchy  Nuggets",
    "cat__name_Just Right Fruit & Nut",
    "cat__name_Kix",
    "cat__name_Life",
    "cat__name_Lucky Charms",
    "cat__name_Maypo",
    "cat__name_Muesli Raisins; Dates; & Almonds",
    "cat__name_Muesli Raisins; Peaches; & Pecans",
    "cat__name_Mueslix Crispy Blend",
    "cat__name_Multi-Grain Cheerios",
    "cat__name_Nut&Honey Crunch",
    "cat__name_Nutri-Grain Almond-Raisin",
    "cat__name_Nutri-grain Wheat",
    "cat__name_Oatmeal Raisin Crisp",
    "cat__name_Post Nat. Raisin Bran",
    "cat__name_Product 19",
    "cat__name_Puffed Rice",
    "cat__name_Puffed Wheat",
    "cat__name_Quaker Oat Squares",
    "cat__name_Quaker Oatmeal",
    "cat__name_Raisin Bran",
    "cat__name_Raisin Nut Bran",
    "cat__name_Raisin Squares",
    "cat__name_Rice Chex",
    "cat__name_Rice Krispies",
    "cat__name_Shredded Wheat",
    "cat__name_Shredded Wheat 'n'Bran",
    "cat__name_Shredded Wheat spoon size",
    "cat__name_Smacks",
    "cat__name_Special K",
    "cat__name_Strawberry Fruit Wheats",
    "cat__name_Total Corn Flakes",
    "cat__name_Total Raisin Bran",
    "cat__name_Total Whole Grain",
    "cat__name_Triples",
    "cat__name_Trix",
    "cat__name_Wheat Chex",
    "cat__name_Wheaties",
    "cat__name_Wheaties Honey Gold",
    "cat__mfr_A",
    "cat__mfr_G",
    "cat__mfr_K",
    "cat__mfr_N",
    "cat__mfr_P",
    "cat__mfr_Q",
    "cat__mfr_R",
    "cat__type_C",
    "cat__type_H"
  ],
  "creation_time": 1740481821.714982,
  "performance_metrics": {
    "r2": 0.8272544922361549,
    "mse": 37.94446150270675,
    "rmse": 6.15990758881225,
    "cv_r2_mean": 0.7496235808437788,
    "cv_r2_std": 0.04490488955235189
  },
  "data_statistics": {
    "target_column": "rating",
    "n_samples": 77,
    "missing_values": 0,
    "missing_ratio": 0.0,
    "min": 18.042851,
    "max": 93.704912,
    "mean": 42.66570498701299,
    "median": 40.400208,
    "std": 14.04728874373522,
    "data_type": "numeric",
    "shape": [
      77,
      16
    ],
    "dtypes": {
      "name": "object",
      "mfr": "object",
      "type": "object",
      "calories": "int64",
      "protein": "int64",
      "fat": "int64",
      "sodium": "int64",
      "fiber": "float64",
      "carbo": "float64",
      "sugars": "int64",
      "potass": "int64",
      "vitamins": "int64",
      "shelf": "int64",
      "weight": "float64",
      "cups": "float64",
      "rating": "float64"
    },
    "missing_summary": {
      "name": 0,
      "mfr": 0,
      "type": 0,
      "calories": 0,
      "protein": 0,
      "fat": 0,
      "sodium": 0,
      "fiber": 0,
      "carbo": 0,
      "sugars": 0,
      "potass": 0,
      "vitamins": 0,
      "shelf": 0,
      "weight": 0,
      "cups": 0,
      "rating": 0
    },
    "numeric_columns": [
      "calories",
      "protein",
      "fat",
      "sodium",
      "fiber",
      "carbo",
      "sugars",
      "potass",
      "vitamins",
      "shelf",
      "weight",
      "cups",
      "rating"
    ],
    "categorical_columns": [
      "name",
      "mfr",
      "type"
    ]
  },
  "feature_transformations": {
    "removed_columns": [],
    "created_columns": [],
    "transformed_columns": []
  },
  "pipeline_steps": [
    "feature_engineering"
  ],
  "version": "1.0.0"
}